mean_6,stddev_6,mean_7,stddev_7,mean_8,stddev_8,mean_9
0.1468,1,1.455,1,14.35,1,143.5
0.09296,2,0.9256,1,9.227,3,92.05
0.08355,2,0.8256,2,8.154,2,81.57
0.04986,1,0.4923,1,4.971,2,50.11
0.02666,0,0.2648,1,2.716,4,27.05
0.02523,1,0.2477,2,2.467,4,24.86
